{"cameraMode":{"drawMode":0,"name":"Shaded","section":"Shading Mode"},"sceneLighting":false,"audioPlay":false,"sceneViewState":{"m_AlwaysRefresh":false,"showFog":true,"showSkybox":false,"showFlares":true,"showImageEffects":true,"showParticleSystems":true,"showVisualEffectGraphs":true,"m_FxEnabled":true},"in2DMode":false,"pivot":{"x":-1.108077883720398,"y":-7.785421371459961,"z":31.160465240478517},"rotation":{"x":-0.4226209819316864,"y":0.025005435571074487,"z":-0.011667799204587937,"w":-0.9058933854103088},"size":12.004327774047852,"orthographic":false}